{
  "name": "Oxylene",
  "description": "a liquid having an inert substance that allows it to be used in fusion",
  "color": "c548d9",
  "research": "biolume",
  "barColor": "c548d9",
  "gasColor": "a436bf3f",
  "lightColor": "a436bf3f",
  "temperature": 0.17,
  "flammability": 0.12,
  "explosiveness": 0.0,
  "liquid": true,
  "explosive": false,
  "liquid": {
    "cap": 4,
    "explosive": false,
    "flammable": true,
    "viscosity": 0.13,
	"heatCapacity": 0.1,
  }
  "hiddenOnPlanets": [
		"serpulo",
		"erekir"
	]
}
