{
  "name": "Zion",
  "description": "it is used to accelerate drills and in some turrets, it can get very hot under pressure",
  "color": "dd5b73",
  "research": "methane",
  "temperature": 0.1,
  "flammability": 0.15,
  "explosiveness": 0.4,
  "gas": true,
  "explosive": false,
  "effect": "burning",
  "liquid": {
    "cap": 4,
    "heatCapacity": 0.5,
    "explosive": false,
    "flammable": true,
    "viscosity": 0.3,
    "temperature": 0,
    "color": "dd5b73"
  }
  "hiddenOnPlanets": [
		"serpulo",
		"erekir"
	]
}
