{
    "type": "Reconstructor",
	"name": "Hunter processor reconstructor",
    "health": 1600,
    "size": 5,
    "constructTime": 2800,
    "upgrades": [
        ["piranha", "vulture"],
    ],
    "consumes": {
        "power": 3.5,
        "items": {
            "items": [
              "kiten/160",
              "irmenite/250", 
              "blacktite/130",
			  "magnetite/100"
            ]
        }
		"liquids": {
			"liquids": [
			  "zion/0.25" 
			]
		}
    },
    "requirements": [
      "whitorite/180",
      "irmenite/170",
      "kiten/140",
	  "blacktite/150",
	  "magnetite/130"
    ],
    "category": "units",
    "research": "orion-reconstructor"
 }
