{
    "type": "Reconstructor",
	"name": "Orion reconstructor",
    "health": 800,
    "size": 3,
    "constructTime": 900,
    "upgrades": [
        ["varan", "piranha"],
    ],
    "consumes": {
        "power": 1.5,
        "items": {
            "items": [
              "whitorite/80",
              "irmenite/50", 
              "blacktite/30"
            ]
        }
    },
    "requirements": [
      "whitorite/130",
      "irmenite/100",
      "kiten/80",
	  "blacktite/50"
    ],
    "category": "units",
    "research": "orion-factory"
 }
