{
	"name": "Core-Pressure",
	"description": "Third interation of core on Asterion. Not so special, to have a big description.",
	"type": "CoreBlock",
	"health": 5000,
	"category": "effect",
	"size": 5,
	"itemCapacity": 8200,
	"unitCapModifier": 25,
	"unitType": "ester",
	"outputsPower": true,
	"isFirstTier": false,
	"buildVisibility": "shown",
	"research": {
		"parent": "Coreimpact",
		"planet": "as-asterion",
	}
	"requirements": [
	 "whitorite/3000"
	 "magnetite/1250"
	 "irmenite/2800"
	  ],
}
