{
	"type": "flying",
	"outlineColor": "22262b",
	"name": "Ester",
	"description": "Guard of the core: impact. He's shoots energy spears, that bomb out, and create small bullets.",
	"flying": true,
	"health": 570,
	"hitSize": 12,
	"buildSpeed": 1.4,
	"mineSpeed": 6,
	"mineTier": 2
	"speed": 3.2,
	"range": 120,
	"accel": 0.2,
	"targetGround": true,
	"targetAir": true,
	"rotateSpeed": 4,
	"weapons": [
		{
			"name": "ester-weapon",
			"x": 3.5,
			"y": 1.8,
			"recoil": 1,
			"top": false,
			"reload": 15,
			"minWarmup": 0.9,
			"inaccuracy": 10,
			"mirror": true,
			"alternate": true,
			"shootSound": "lasershoot",
			"continuous": false,
			"parts": [
				{
					"suffix": "-part",
					"x": -2,
					"y": 2.5,
					"mirror": false,
					"progress": "warmup",
					"moveX": 0,
					"moveY": -1,
					"moveRot": 0
				}
			]
			"bullet": {
				"type": "BasicBulletType",
				"damage": 15,
				"pierce": true,
				"pierceCap": 3,
				"homingPower": 0.2,
				"homingDelay": 15,
				"homingRange": 64,
				"lifetime": 60,
				"speed": 6,
				"width": 8,
				"height": 16,
				"sprite": "as-spear"
				"hitsize": 6,
				"hitEffect": "moveCommand",
				"despawnEffect": "moveCommand",
				"buildingDamageMultiplier": 0.01,
			}
		}
	]
}
