{
	"type": "flying",
	"outlineColor": "1f1f26",
	"name": "Graviton",
	"description": "Guard of the core: force. Graviton shoots bombs.",
	"flying": true,
	"health": 355,
	"hitSize": 12.5,
	"buildSpeed": 1.05,
	"mineTier": 1,
    "mineSpeed": 8.0,
    "buildRange": 150,
	"speed": 3,
	"range": 240,
	"accel": 0.2,
	"targetGround": true,
	"targetAir": true,
	"rotateSpeed": 5.66,
	"weapons": [
		{
			"name": "object-finder",
			"x": 3,
			"y": 1,
			"recoil": -2,
			"top": false,
			"layer": 90,
			"inaccuracy": 20,
			"reload": 20,
			"mirror": true,
			"alternative": true,
			"shootSound": "lasershoot",
			"bullet": {
				"type": "BasicBulletType",
				"speed": 2,
				"homingPower": 0.1,
				"homingRange": 32,
				"homingDelay": 10,
				"lifetime": 120,
				"buildingDamageMultiplier": 0.01,
				"splashDamage": 10,
				"splashDamageRadius": 32,
				"collidesTiles": false,
				"width": 8,
				"height": 8,
				"hitsize": 6,
				"hitEffect": "railShoot",
				"despawnEffect": "railShoot"
			}
		}
	]
}
