{
  "type": "ImpactReactor",
  "name": "Fusion reactor",
  "description": "Uses the high flammability of ashotite with zion to create large amounts of power from it.",
  "health": 1100,
  "size": 4,
  "hasPower": true,
  "hasLiquids": true,
  "hasItems": true,
  "warmupSpeed": 0.004,
  "explosionShake": 10,
  "lightColor": "000000",
  "itemCapacity": 30,
  "liquidCapacity": 200,
  "itemDuration": 60,
  "powerProduction": 40,
  "explosionDamage": 1000,
  "explosionRadius": 30,
  "consumes": {
    "power": 5,
    "liquid": {
      "liquid": "oxylene",
      "amount": 0.4
    },
    "items": {
      "items": [
        {"item": "ashotite", "amount": 1}
      ]
    }
  },
  "requirements": [
    "whitorite/55",
	"irmenite/135",
	"blacktite/75",
	"magnetite/150"
	"zincum/35",
  ],
  "category": "power",
  "research": {
"parent": "ashotite-generator",
"planet": "as-asterion",
  }
}
