{
	"name": "Methane mine",
	"description": "drilling methane in underground wells",
    "type": "GenericCrafter",
    "category": "production",
    "requirements": [
      "whitorite/120",
      "irmenite/50",
      "kiten/70",
      "zincum/50"
    ],
    "outputLiquid": "methane/0.2666666666666667",
    "craftTime": 90,
    "size": 3,
    "liquidCapacity": 30,
    "hasLiquids": true,
    "hasPower": true,
    "hasItems": true,
    "craftEffect": "none",
    "consumes": {
      "power": 1,
      "items": [
      {"item": "quartz-sand", "amount": 1}
      ]
    },
    "drawer": {
      "type": "DrawMulti",
      "drawers": [
          {
          "type": "DrawRegion",
          "suffix": "-bottom"
          },
          {
          "type": "DrawLiquidTile",
          "drawLiquid": "methane"
          },  	  
          {
          "type": "DrawDefault"
          },
		  {
            "type": "DrawRegion",
            "suffix": "-glass"
          },
          {
            "type": "DrawRegion",
            "suffix": "-rotator",
            "rotateSpeed": 2,
            "spinSprite": true
          },
		  {
            "type": "DrawRegion",
            "suffix": "-top"
          }
      ]
    },
	"research": {
		"parent": "whitorite-drill",
		"planet": "as-asterion",
	}
	"researchCostMultiplier": 0.75
 }
