{
	"type": "GenericCrafter",
	"name": "Ashotite press",
	"description": "Compresses metan and sand along with pieces of ash in the atmosphere",
	"size": 3,
	"hasPower": true,
	"ignoreLiquidFullness": true,
	"hasItems": true,
	"hasLiquids": true,
	"liquidCapacity": 30,
	"researchCostMultiplier": 0.25,
	"itemCapacity": 20,
	"requirements": [
		{"item": "whitorite", "amount": 95},
		{"item": "irmenite", "amount": 50},
		{"item": "kiten", "amount": 25}
	 ],
	"research": {
		"parent": "irmenite-oven",
		"planet": "as-asterion",
	}
	"consumes": {
		"power": 1.75,
		"items": {
			"items": [
				{"item": "quartz-sand", "amount": 4}
			 ]
		 },
		"liquids": [
		"methane/0.3"
		]
	},	
	"outputItem": "ashotite/2",
	"outputLiquid": "zion/0.01666666666666666666666666666667",
	"craftTime": 75,
	"idleSound": "respawning",
	"updateEffect": "smeltsmoke", 
	"category": "crafting", 
"drawer": {
  "type": "DrawMulti",
  "drawers": [
  {
   "type": "DrawRegion"
   "suffix": "-bottom"
   },
   {"type": "DrawLiquidTile"
    "suffix": "-liquid"
	"drawLiquid": "zion"
   },
   {
   "type": "DrawDefault"
   },
   {
   "type": "DrawRegion"
   "suffix": "-top"
   },
  ]
 }, 
}
