{
	"type": "GenericCrafter",
	"name": "Blacktite forge",
	"description": "Compresses whitorite and zincum under the influence of methane at high temperatures",
	"buildCostMultiplier": 0.75,
	"size": 3,
	"planet": "as-asterion",
	"hasPower": true,
	"hasItems": true,
	"itemCapacity": 30,
	"requirements": [
        "whitorite/120",
		"irmenite/75",
		"kiten/75",
      ],
	"category": "crafting",  
    "consumes": {
		"power": 1.5,
		"items": {
			"items": [
               "whitorite/2",
			   "zincum/2"
			]
		},
		"liquids": {
		     "liquids":[
		       "methane/0.25"
		    ]
		}
	  },	
    "drawer": {
    "type": "DrawMulti",
    "drawers": [
	{
    "type": "DrawRegion",
	"suffix": "-bottom"
	},
	{
	"type": "DrawLiquidTile",
	"drawLiquid": "methane"
	},
	{
	"type": "DrawArcSmelt"
	"circleStroke": 1,
	"particleLen": 1.8
	},
    {
    "type": "DrawDefault"
    }
        ]
       },
    "outputItem": {"item": "blacktite", "amount": 4},	
	"craftTime": 90,
	"idleSound": "respawning",
	"updateEffect": "smeltsmoke",
	"craftEffect": "plasticExplosion",
	"idleSoundVolume": 1.2,
	"research": {
          "parent": "irmenite-oven"
          "planet": "as-asterion"
		  "objectives": [
          {
           "type": "SectorComplete",
           "preset": "point-occupation"
          }
         ]
       }
}
	
