{
	"type": "AttributeCrafter",
	"name": "Zion condencer",
	"description": "condenses heavy methane particles to zion",
	"category": "crafting",
	"attribute": "steam",
	"boostScale": 0.111111111111,
    "baseEfficiency": 0,
	"minEfficiency": 8.98,
	"size": 3,
	"hasLiquid": true,
	"liquidCapacity": 120,
	"requirements": [
	 "whitorite/75",
	 "irmenite/50",
	 "kiten/45"
    ],	
    "outputLiquid": {"liquid": "zion", "amount": 0.35},
    "craftTime": 60,
	"consumes": {
		"power": 0.25
	}
	"research": {
		"parent": "methane-extractor",
		"planet": "as-asterion",
	}
	"drawer": {
      "type": "DrawMulti",
      "drawers": [	  
          {
          "type": "DrawRegion",
		  "suffix": "-bottom"
          },
		  {
          "type": "DrawLiquidTile",
          "drawLiquid": "zion"
          },
		  {
		  "type": "DrawDefault"
		  }
      ]
    }
}
	
